1,"리니지M","NCSOFT Corporation","com.ncsoft.lineagem19"
2,"리니지2 레볼루션","Netmarble","com.netmarble.lineageII"
3,"검은사막 모바일","PEARL ABYSS","com.pearlabyss.blackdesertm"
4,"세븐나이츠 for Kakao","Netmarble","com.cjenm.sknights"
5,"오크: 전쟁의 서막","Efun Company","kr.com.efun.kok.google"
6,"뮤오리진2","Webzen Inc.","com.webzen.muorigin2.google"
7,"MARVEL 퓨처파이트","Netmarble","com.netmarble.mherosgb"
8,"왕이되는자 - 독창적인 고품격 벼슬길 승진 SRPG, 모바일 게임의 선구자","CHUANG COOL ENTERTAINMENT","com.szckhd.jwgly.azkr"
9,"마피아 시티","YottaGames","com.yottagames.mafiawar"
10,"모두의마블 for kakao","Netmarble","com.cjenm.ModooMarbleKakao"
11,"클래시 오브 클랜","Supercell","com.supercell.clashofclans"
12,"배틀그라운드","PUBG CORPORATION","com.pubg.krmobile"
13,"파이널 판타지 XV: 새로운 제국 [Final Fantasy XV]","Epic Action LLC","com.epicactiononline.ffxv.ane"
14,"신명","Trigirls Studio","com.indie.jzx.kr"
15,"클래시 로얄","Supercell","com.supercell.clashroyale"
16,"에픽세븐","Smilegate Megaport","com.stove.epic7.google"
17,"미르의전설2 리부트","Gamepub","com.gamepub.mir18.g"
18,"로드 모바일: 제국의 전쟁 - MMORPG","IGG.COM","com.igg.android.lordsmobile"
19,"라스트 쉘터 (Last Shelter: Survival)","IM30 TECHNOLOGY LIMITED","com.more.dayzsurvival.gp"
20,"쿠키런: 오븐브레이크","Devsisters Corporation","com.devsisters.gb"
21,"FIFA ONLINE 4 M by EA SPORTS™","NEXON Company","com.nexon.fo4m"
22,"피망 포커: 카지노 로얄 (7포커, 로우바둑이, 하이로우)","NEOWIZ corp","com.neowiz.games.poker"
23,"소녀전선","X.D. Global","kr.txwy.and.snqx"
24,"넷마블 포커 - 바카라, 7포커, 로우바둑이, 뉴포커","Four Ones INC.","com.netmarble.mpoker"
25,"삼국지M","Efun Company","com.efunkr.qy.google"
26,"컴투스프로야구2018","Com2uS","com.com2us.probaseball3d.normal.freefull.google.global.android.common"
27,"총기시대 (Guns of Glory)","DIANDIAN INTERACTIVE HOLDING","com.diandian.gog"
28,"서머너즈 워: 천공의 아레나","Com2uS","com.com2us.smon.normal.freefull.google.kr.android.common"
29,"미르의전설2 리부트(12)","Gamepub","com.gamepub.mir12.g"
30,"라그나로크M : 영원한 사랑","GRAVITY Co., Ltd.","com.gravity.rom.aos"
31,"위 베어 베어스 더 퍼즐","SUNDAYTOZ, INC","com.sundaytoz.kakao.wbb"
32,"검은강호","9Splay","com.nsplay.ghkr.android"
33,"포트리스M","Aprogen Healthcare &amp; Games Inc.","kr.aos.com.aprogen.hng.fortressm"
34,"던만추〜메모리아프레제〜","WFS, Inc.","com.kr.danmemo"
35,"킹스레이드","Vespa Inc.","com.vespainteractive.KingsRaid"
36,"턴제 RPG – 브라운더스트","NEOWIZ","com.neowizgames.game.browndust.srpg.gamfs"
37,"프렌즈레이싱","Kakao Games Corp.","com.kakaogames.friendsracing"
38,"창세기전 : 안타리아의 전쟁","Kakao Games Corp.","com.kakaogames.gnss"
39,"DRAGON BALL Z 폭렬격전","BANDAI NAMCO Entertainment Inc.","com.bandainamcogames.dbzdokkanww"
40,"이사만루2018","Netmarble","com.netmarble.full2016"
41,"레이더스","C.O.C","com.coc.kr.cocyl.google"
42,"메이플스토리M","NEXON Company","com.nexon.nsc.maplem"
43,"별이되어라!","GAMEVIL","com.gamevil.psrforkakao"
44,"액스(AxE)","NEXON Company","com.nexon.axe"
45,"프렌즈팝콘","Kakao Games Corp.","com.kakaogames.friendsKing"
46,"붕괴3rd","miHoYo Limited","com.miHoYo.bh3korea"
47,"십만대적검","PangSky","com.pang.sibman.google"
48,"하스스톤","Blizzard Entertainment, Inc.","com.blizzard.wtcg.hearthstone"
49,"뮤온라인H5","Webzen Inc.","com.webzen.muonlineh5.google"
50,"한게임 포커","NHN Entertainment Corp.","com.nhnent.Qpoker"
51,"애니팡3","SUNDAYTOZ, INC","com.sundaytoz.kakao.anipang3.service"
52,"리니지M(12)","NCSOFT Corporation","com.ncsoft.lineagem"
53,"정상대해전-해상 전쟁 전략 게임","Special Gamez","com.special.warship"
54,"제5인격","X.D. Global","kr.xdg.and.id5"
55,"페이트/그랜드 오더","Netmarble","com.netmarble.fgok"
56,"버닝: 매지컬소드","Eyougame Inc.","com.eyougame.burning"
57,"열화여가","PWRD","com.pwrd.lhrg"
58,"FINAL FANTASY BRAVE EXVIUS","SQUARE ENIX Co.,Ltd.","com.square_enix.android_googleplay.FFBEWW"
59,"운명의 사랑:궁","WISH INTERACTIVE TECHNOLOGY LIMITED","com.GF.apcgkrkr.hwyad.google"
60,"꿈의 정원 (Gardenscapes)","Playrix Games","com.playrix.gardenscapes"
61,"Idle Heroes - 아이들 히어로즈","DHGAMES","com.droidhang.ad"
62,"Pokémon GO","Niantic, Inc.","com.nianticlabs.pokemongo"
63,"풍신","GAMELAND(HK)CO.,LIMITED","com.ulugames.euros.google"
64,"애니팡2","SUNDAYTOZ, INC","com.sundaytoz.mobile.anipang2.google.kakao.service"
65,"Z Day: Hearts of Heroes","KingsGroup Holdings","com.kingsgroup.ww2"
66,"프렌즈팝","Kakao Games Corp.","com.nhnpixelcube.friendspop"
67,"피망 뉴맞고 : 대한민국 1등 고스톱","NEOWIZ corp","com.neowiz.games.newmatgo"
68,"야망","Skylinegames","com.skylinematrix.ggplay.snkr"
69,"피쉬아일랜드: 정령의 항로","NHN PixelCube Corp.","com.nhnpixelcube.fishislandII"
70,"결전!헤이안쿄","NetEase Games","com.netease.g78na.gb"
71,"대항해의길","Linekong Korea Co. Ltd.","com.netease.dhhzlggkr"
72,"MLB 퍼펙트 이닝 2018","GAMEVIL Inc.","com.gamevilusa.mlbpilive.android.google.global.normal"
73,"레이븐 : CHAOS","Netmarble","com.netmarble.rav"
74,"블레이드2","Kakao Games Corp.","com.kakaogames.blade2"
75,"원피스 트레저 크루즈","BANDAI NAMCO Entertainment Inc.","com.bandainamcoent.onepiecetresurecruisekr"
76,"더 킹 오브 파이터즈'98 UM온라인 for kakao","FingerFun Limited.","com.fingertips.kof98umol"
77,"삼국지K:신규서버오픈","(주)채플린게임","com.chaplin.leyou.google"
78,"크루세이더 퀘스트","NHN Entertainment Corp.","com.nhnent.SKQUEST"
79,"반지","ENP GAMES Co., Ltd.","com.ENP.therings.kr.googleplay"
80,"이카루스M","Wemade Service","com.wemadesvc.icarusm"
81,"골프 클래시","Playdemic","com.playdemic.golf.android"
82,"히어로즈 오브 마이트 앤 매직:에라 오브 카오스","FingerFun Limited.","com.fingerfun.heroes3.kr"
83,"캔디크러쉬사가","King","com.king.candycrushsaga"
84,"다크레전드","Eyougame Inc.","com.eyougame.darkll"
85,"DRAGON BALL LEGENDS -드래곤 볼 레전즈-","BANDAI NAMCO Entertainment Inc.","com.bandainamcoent.dblegends_ww"
86,"아이러브니키 for kakao","Kakao Games Corp.","com.kakaogames.nikki"
87,"글로리","GAMELAND(HK)CO.,LIMITED","com.ulugames.honors.google"
88,"MLB 9이닝스 18","Com2uS","com.com2us.ninepb3d.normal.freefull.google.global.android.common"
89,"꿈의 집 (Homescapes)","Playrix Games","com.playrix.homescapes"
90,"드래곤 스카이 - 슈팅 방치형 RPG","Triple-Double","com.manacore.mod"
91,"나이츠크로니클","Netmarble","com.netmarble.knightsgb"
92,"에브리타운 for Kakao","FLERO Games Co., LTD","kr.co.feverstudio.apps.everytown"
93,"프렌즈마블","Kakao Games Corp.","com.kakaogames.frmarble"
94,"카이저","NEXON Company","com.nexon.kaiserad"
95,"삼국지 조조전 Online","NEXON Company","com.nexon.caocao"
96,"해전1942","Sincetimes Co., Ltd.","kr.co.sincetimes.bsg"
97,"이터널 라이트","GaeaMobile","com.gaeamobile.kr.gmdl"
98,"몬스터 길들이기 for kakao","Netmarble","com.cjenm.monster"
99,"짐의강산","Bekko.com","com.jedigames.p20.googleplay"
100,"애니팡 포커","SUNDAYTOZPLAY,INC","com.sundaytoz.kakao.poker.service"
101,"아레나M","Wonder People Co.,Ltd.","com.wonderpeople.arenam"
102,"영원한 7일의 도시","GaeaMobile","com.gaeamobile.kr.qrzd"
103,"퍼즐앤드래곤","GungHoOnlineEntertainment","jp.gungho.padKO"
104,"캔디크러쉬소다","King","com.king.candycrushsodasaga"
105,"신사조영웅전","Wanda Cinemas Games","com.wanda.sdyxzhg"
106,"모바일 레전드: Bang Bang","Moonton","com.mobile.legends"
107,"애니팡 사천성","SUNDAYTOZ, INC","com.sundaytoz.mobile.anisachun.google.service"
108,"247스토리 - 3D 방치형 MMORPG","PopFox","com.popfox.bzkr"
109,"신삼국지 모바일-코에이 테크모 인증","AligamesKR","com.aligames.sgzhg.google"
110,"디지몬 소울 체이서 시즌2","반다이남코코리아 주식회사","com.netmaru.digisoul"
111,"열혈강호 for kakao","Longtu Korea Inc.","com.longtukorea.yulgang"
112,"Toon Blast","Peak Games","net.peakgames.toonblast"
113,"오버히트","NEXON Company","com.nexon.overhit"
114,"뮤오리진","Webzen Inc.","com.webzen.muorigin.google"
115,"복싱스타(Boxing Star)","FourThirtyThree Inc.","com.ftt.boxingstar.gl.aos"
116,"클래시 오브 킹즈 (Clash of kings) : 기적 강림","Elex Wireless","com.hcg.cok.gp"
117,"프렌즈타워","Kakao Games Corp.","com.kakaogames.friendsTower"
118,"Yu-Gi-Oh! Duel Links","KONAMI","jp.konami.duellinks"
119,"해전M","Sincetimes Co., Ltd.","kr.co.sincetimes.mnbg"
120,"한게임 신맞고 : 국가대표 무료고스톱","NHN Starfish","com.NHNEnt.NDuelgo"
121,"꿈의 마을 (Township)","Playrix Games","com.playrix.township"
122,"ROBLOX","Roblox Corporation","com.roblox.client"
123,"라스트 쉐도우 (Last Shadow)","UsFun Games","com.sl.rz2.google"
124,"클론다이크 어드벤처","VIZOR APPS LTD.","com.vizorapps.klondike"
125,"황제라 칭하라","Clicktouch Co.,Ltd.","com.wsy.google.wansuiye.kr"
126,"데스티니 차일드 for kakao","LINE Games","com.NextFloor.DestinyChild"
127,"애니팡 맞고","SUNDAYTOZPLAY,INC","com.sundaytoz.kakao.matgo.service"
128,"냥코 대전쟁","PONOS Corporation","jp.co.ponos.battlecatskr"
129,"천년지애M","9Splay","com.nsplay.bzkr.androidhg"
130,"리그오브엔젤스","YOOZOO GAMES KOREA CO.,LTD.","com.youzu.kr.ns2"
131,"에란트: 헌터의 각성","X.D. Global","kr.xdg.and.lhjx"
132,"클럽 오디션","HanbitSoft Inc","com.hanbitsoft.clubaudition"
133,"행복의 저택","Firecraft Studios","com.matchington.mansion"
134,"브레이브하츠","FUNCELL123","com.funcell123.hero.korea.google"
135,"삼국지대전M","HiHO-E","com.efun.krsgzdz.google"
136,"추적자의 노트: 숨겨진 미스터리","MyTona","com.mytona.seekersnotes.android"
137,"클랜즈:달의 그림자","Seasun Games Korea","com.kingsoftgame.ggplay.jxqykr"
138,"블러드라인:강자의 길","37games","com.kr37.mhj.google"
139,"프렌즈사천성","Kakao Games Corp.","com.kakaogames.friendsScpuzzle"
140,"아이러브마트 for kakao","NOKNOK CO., LTD.","com.noknok.mart"
141,"놀러와 마이홈","Kakao Games Corp.","com.kakaogames.myhome"
142,"빛의 계승자 (Heir of Light)","GAMEVIL","com.gamevil.heiroflight.android.google.global.normal"
143,"PES 2018 PRO EVOLUTION SOCCER","KONAMI","jp.konami.pesam"
144,"캐리비안의 해적: 전쟁의 물결","JOYCITY Corp.","com.joycity.potc"
145,"킹오브아발론: 드래곤 전쟁","DIANDIAN INTERACTIVE HOLDING","com.funplus.kingofavalon"
146,"꿈왕국과 잠자는 100명의 왕자님","SESISOFT Co., Ltd.","com.sesisoft.yume100.android"
147,"상하이 애니팡","SUNDAYTOZ, INC","com.sundaytoz.kakao.shanghai.service"
148,"삼국블레이드","FourThirtyThree Inc.","com.ftt.samblade.kr.aos"
149,"매직 러쉬:히어로즈(Magic Rush: Heroes)","Elex","com.moonton.magicrush"
150,"War and Order","Camel Games, Inc","com.camelgames.superking"
151,"&nbsp;Jurassic World™:&nbsp;The Game","Ludia Inc.","com.ludia.jurassicworld"
152,"좀비고등학교","AWESOMEPIECE","net.kernys.aooni"
153,"드래곤캠프 (Merge Dragons!)","Gram Games Limited","com.gramgames.mergedragons"
154,"위닝일레븐 클럽 매니저","KONAMI","jp.konami.pesclubmanager"
155,"홍연의세계","(주)썸에이지","com.thumb.hongyunm.google"
156,"FIFA 축구","ELECTRONIC ARTS","com.ea.gp.fifamobile"
157,"피싱스트라이크","Netmarble","com.netmarble.fishingstg"
158,"워커맨더","KIXEYE","com.kixeye.wcm"
159,"초시공전기","EGLS  Ltd.","com.egls.ssrkr.gp"
160,"Minecraft","Mojang","com.mojang.minecraftpe"
161,"어검:팔황의 수호자","D&amp;C of Storm","com.dncofstorm.sword.kr.google"
162,"나루토 X 보루토 닌자 볼테이지","BANDAI NAMCO Entertainment Inc.","com.bandainamcoent.ninjavoltage_app"
163,"위드:신의 날개","U.LU Games","com.ulugames.with.google"
164,"드래곤 플라이트 for Kakao","LINE Games","com.NextFloor.DragonFlightKakao"
165,"앵그리버드2","Rovio Entertainment Corporation","com.rovio.baba"
166,"앙상블스타즈","Kakao Games Corp.","com.kakaogames.estarskr"
167,"프로야구 H2","NCSOFT Corporation","com.ncsoft.h2"
168,"아스팔트 9: 레전드- 2018 신개념 아케이드 레이싱 게임","Gameloft","com.gameloft.android.ANMP.GloftA9HM"
169,"피망 섯다","NEOWIZ corp","com.neowiz.games.sudda"
170,"한게임 섯다","NHN Entertainment Corp.","com.NHNEnt.MSudda"
171,"뱅드림! 걸즈 밴드 파티!","Kakao Games Corp.","com.kakaogames.bangdreamkr"
172,"NBA LIVE Mobile 농구","ELECTRONIC ARTS","com.ea.gp.nbamobile"
173,"War Robots","PIXONIC","com.pixonic.wwr"
174,"이터널 스톰","GAMELAND(HK)CO.,LIMITED","com.ulugame.stormkr.google"
175,"벽람항로","X.D. Global","kr.txwy.and.blhx"
176,"몬스터슈퍼리그","FourThirtyThree Inc.","com.ftt.msleague_gl"
177,"희비전","Friend Times Korea Co.,Ltd.","kr.ftk.gp.xifeizhuan"
178,"Trials of Heroes: 영웅의 시련","Jupiter Entertainment","com.game.idle.fantasy"
179,"Kingdom Rush Vengeance","Ironhide Game Studio","com.ironhidegames.android.kingdomrush4"
180,"프리스타일2:플라잉덩크","Changyou.com Gamepower (HK) Ltd.","com.cyou.jielan.krgp"
181,"게임이망했다 : 버그게임구하기","mafgames","com.maf.tilerpg"
182,"마피아42","TEAM42","com.sopt.mafia42.client"
183,"천룡팔부M for kakao","창유닷컴코리아 유한회사","com.cyou.tlbb.google"
184,"삼국지S","GAMELAND(HK)CO.,LIMITED","com.ulugames.sanguo.google"
185,"피쉬돔 (Fishdom)","Playrix Games","com.playrix.fishdomdd.gplay"
186,"천애신서","4399 KOREA","com.bxfr4399kr.google"
187,"러브앤프로듀서","Paper Games","com.papegames.evol.kr.release"
188,"맞고의 신 : 카카오 공식 무료 고스톱","Joymax Co., Ltd.","com.joymax.gostop"
189,"펜타스톰 for kakao(5v5)","Netmarble","com.netmarble.penta"
190,"다크어벤저3","NEXON Company","com.nexon.da3"
191,"Hidden City: 숨은물건찾기 모험","G5 Entertainment","com.g5e.hiddencity.android"
192,"엘크로니클","Cravemob","net.cravemob.elc.rel"
193,"Sdorica - sunset - (스도리카 -선셋-)","Rayark International Limited","com.rayark.sdorica"
194,"Assassin's Creed Rebellion","Ubisoft Entertainment","com.ubisoft.accovenant"
195,"레이튼 교수와 이상한 마을 HD","LEVEL-5 Inc.","com.Level5.LT1RKR"
196,"운명:무신의 후예","37games","com.kr37.klx.google"
197,"아쿠아스토리","SUNDAYTOZ, INC","com.sundaytoz.mobile.aquastory.google.kakao.service"
198,"사커스피리츠","Com2uS","com.com2us.soccerspirits.normal2.freefull.google.global.android.common"
199,"열혈강호M","NEXON Company","com.nexon.yulgang"
200,"월드 오브 탱크 블리츠","Wargaming Group","net.wargaming.wot.blitz"
201,"레알팜","NEOGAMES","kr.neogames.realfarm"
202,"테라M","Netmarble","com.netmarble.tera"
203,"픽셀 건 3D (Pixel Gun 3D)","Pixel Gun 3D","com.pixel.gun3d"
204,"2018갓오브하이스쿨 with NAVER WEBTOON","SN games Corp.","com.nhnent.SKGOHN"
205,"권력:THERULERS","Efun Company","com.efunkr.ql.google"
206,"대항해대전: 오션 앤 엠파이어","JOYCITY Corp.","com.joycity.oceansandempires"
207,"천녀유혼 for kakao","이펀컴퍼니 리미티드","com.efunkr.qnyh.google"
208,"War Machines: 탱크 게임 - 무료","Fun Games For Free","com.fungames.battletanksbeta"
209,"드래곤네스트M for kakao","Kakao Games Corp.","com.kakaogames.dn"
210,"삼국지 블랙라벨","YJM Games","com.yjmg.google.sambl"
211,"SuperStar BTS","Dalcomsoft, Inc.","com.dalcomsoft.ssb"
212,"크리티카: 천상의 기사단","GAMEVIL","com.gamevil.kritikamobile.android.google.global.normal"
213,"스페셜솔져 - 모바일FPS","NEXON Company","com.wellgames.ss"
214,"MARVEL 배틀라인","NEXON Company","com.nexon.devcat.marvelbattlelines"
215,"캔디크러쉬 프렌즈 사가","King","com.king.candycrush4"
216,"나우(NOW) : REMEET","voocle","com.voocle.now"
217,"스텔라M","GAMELAND(HK)CO.,LIMITED","com.ulugames.mx.google"
218,"독특한 마법과 부스터가 가득한 궁극의 블록 퍼즐 게임!","Peak Games","net.peakgames.amy"
219,"해리 포터: 호그와트 미스테리","Jam City, Inc.","com.tinyco.potter"
220,"오늘도 환생 차원의 기사단 : 방치형 RPG게임","ekkorr","com.ekkorr.endlessfrontier"
221,"스나이퍼 아레나: 밀리터리 PvP 슈터","Nordcurrent","com.nordcurrent.sniperarena"
222,"파이널 블레이드","NCSOFT Corporation","com.ncsoft.finalbladekr"
223,"의천도룡기 for Kakao","Kakao Games Corp.","com.kakaogames.yitian"
224,"섀도우버스(Shadowverse)","Cygames, Inc.","com.cygames.Shadowverse"
225,"하얀고양이 프로젝트","COLOPL, Inc.","jp.colopl.wcatkr"
226,"쿠키워즈 (by 쿠키런)","Devsisters Corporation","com.devsisters.crcw"
227,"컴투스프로야구 for 매니저","Com2uS","com.com2us.kbomanager.normal2.freefull.google.global.android.common"
228,"바람의검","BomnalSoft","dym.bomnalsoft.fanxian"
229,"킹덤스토리: 삼국지 RPG","NHN Entertainment Corp.","com.nhnent.SK10392"
230,"심슨가족™ Springfield","ELECTRONIC ARTS","com.ea.game.simpsons4_row"
231,"War and Magic","Efun Global","com.stgl.global"
232,"봉인 : 달기의 음모","ZlongGames","com.zlongame.fsob.kr"
233,"킹덤오브히어로 : Tactics War","NEOWIZ","com.neowiz.game.koh"
234,"러브 라이브! School idol festival","KLab","com.nhnent.SKLOVELIVE"
235,"역천: 정통 사극 RPG","Super Genius Games","com.mayngames.king.google"
236,"60초 용사(방치형RPG)","AndromedaGames","com.andromedagames.hero60"
237,"던전&amp;히어로즈","DroidHen","com.droidhen.dungeon"
238,"심시티빌드잇","ELECTRONIC ARTS","com.ea.game.simcitymobile_row"
239,"[턴제RPG]파이널삼국지","Gamepub","com.gamepub.bb.g"
240,"Hustle Castle – 마법적인 주거지 왕과 영웅","My.com B.V.","com.my.hc.rpg.kingdom.simulator"
241,"유미의 세포들 with NAVER WEBTOON","Superb Corp.","com.superb.yumi"
242,"모바일 스트라이크 (Mobile Strike)","Epic War","com.epicwaronline.ms"
243,"그랜드체이스","Kakao Games Corp.","com.kakaogames.grdchase"
244,"아이언쓰론","Netmarble","com.netmarble.war"
245,"아수라M","NSSTUDIO INC.","com.andaromi.asuram.google.kr"
246,"하이퍼히어로즈 : 쫄깃한 긴장감","HyperJoy","com.nkm.kp.hh"
247,"애니팡 터치","SUNDAYTOZ, INC","com.sundaytoz.kakao.anipangtouch"
248,"낚시의 신","Com2uS","com.com2us.acefishing.normal.freefull.google.global.android.common"
249,"라스트 엠파이어 워 Z","im30.net","com.longtech.lastwars.gp"
250,"스나이퍼 3D 어쌔신:  무료 슈팅 게임 (Sniper 3D Assassin)","Fun Games For Free","com.fungames.sniper3d"
251,"피망 뉴맞고 for kakao : 대한민국 1등 고스톱","NEOWIZ corp","com.neowiz.games.newmatgoKakao"
252,"진·삼국무쌍: 언리쉬드","NEXON Company","com.nexon.dynastywarriors"
253,"아케인 스트레이트: 소환된 영혼","Smilegate Megaport","com.stove.cardsofsaviour.google"
254,"MARVEL 스트라이크 포스","FoxNext Games","com.foxnextgames.m3"
255,"천하를 탐하다","Entermate","com.entermate.stzb"
256,"바람의저편","PangSky","com.pang.bhms.google"
257,"우파루마운틴 for Kakao","NHN BIGFOOT","com.nhncorp.wooparoomountain"
258,"챔피언스매니저[모바사카]","Capstone Games korea","com.kr.krhmzq.google"
259,"극무쌍: 서버 통합전","ENJOY GAME INC","com.enjoygame.jwshg"
260,"Tap Titans 2","Game Hive Corporation","com.gamehivecorp.taptitans2"
261,"천공성 나르시아","C.O.C","com.coc.kr.cocjz.google"
262,"마치 오브 엠파이어스: 군주의 전쟁","Gameloft","com.gameloft.android.ANMP.GloftGHHM"
263,"마이홈 - 꿈의 디자인","Zentertain","com.spacegame.homedesign"
264,"Free Fire","GARENA INTERNATIONAL I PRIVATE LIMITED","com.dts.freefireth"
265,"새 천하를 열다","ED GAMES CORP.","com.edgames.newworld"
266,"MLB 9이닝스 GM","Com2uS","com.com2us.mlbgm.normal.freefull.google.global.android.common"
267,"우주 전쟁: 외계인들의 공격","ONESOFT","com.alien.shooter.galaxy.attack"
268,"갤럭시 배틀쉽","Bekko.com","com.jdgames.p16snew.googleplay"
269,"디즈니 매직 킹덤-마법 공원 건설","Gameloft","com.gameloft.android.ANMP.GloftDYHM"
270,"리버스M","CARET GAMES Inc.","com.caretgames.rebirth.kr"
271,"프렌즈젬","Kakao Games Corp.","com.kakaogames.frgem"
272,"MARVEL 올스타 배틀","Kabam Games, Inc.","com.kabam.marvelbattle"
273,"풍운모바일 : 시즌3","PangSky","com.pang.py2.google"
274,"내가왕이라면","37games","com.kr37.gd.google"
275,"수련충 : 수련에 충성하라!","DAERISOFT","com.CommaGate.ScareCrowProject"
276,"루나 크로니클","PangSky","com.pang.luna.google"
277,"소드 아트 온라인　-메모리 디프래그-","BANDAI NAMCO Entertainment Inc.","com.bandainamcoent.saomdas"
278,"드래곤빌리지M: 수집형 RPG","highbrow","com.perplelab.dragonvillagem.kr"
279,"마이리틀셰프 : 3분요리 레시피","Joymax Co., Ltd.","com.grampus.cookingadventureforkakao"
280,"도미네이션즈","NEXON Company","com.nexon.dominations.asia.g"
281,"좀비 스트라이커：데스 서바이벌SRPG","TOJOY GAME","com.dgame.zombies"
282,"아크 오브 워","Seven Pirates","com.sevenpirates.infinitywar"
283,"쿠킹 다이어리: 테이스티 힐스 최고의 셰프","MyTona","com.mytona.cookingdiary.android"
284,"Last Day on Earth: Survival","Kefir!","zombie.survival.craft.z"
285,"피망 포커 : 카지노 로얄 for kakao","NEOWIZ corp","com.neowiz.games.pokerKakao"
286,"가디언","GAMELAND(HK)CO.,LIMITED","com.ulugame.guardian.google"
287,"스낵월드 버서스","XthPlanet","com.xthplanet.snackworld.aos"
288,"Football Manager 2019 Mobile","SEGA","football.manager.games.fm19.mobile"
289,"파워레인저: 올스타즈","NEXON Company","com.nexon.pr"
290,"파이널 히어로즈 Final Heroes","X.D. Global","com.xd.global.and.hf"
291,"표창키우기2","마우스덕","com.mouseduck.boomerang"
292,"검과마법 for Kakao","Longtu Korea Inc.","com.longtukorea.snmg"
293,"문정천하","Bekko.com","com.jedigames.p16krnew.googleplay"
294,"전쟁 컵","FishingKing","com.dqyt.nbhy"
295,"유즈맵 디펜스 온라인","Chuslab Games","com.chuslab.usemap"
296,"여신전기","PangSky","com.pang.yonggi.google"
297,"Age of Magic","Playkot LTD","com.playkot.ageofmagic"
298,"바이킹아일랜드 for Kakao","FLERO Games Co., LTD","com.ngonsub.VikingIsland"
299,"VALKYRIE CONNECT","Ateam Inc.","jp.co.atm.vcon.ww"
300,"러브비트 : 애니타임","CRAZYDIAMOND","com.CrazyDiamond.LoveBeatAnyTime"
301,"월드&nbsp;워&nbsp;라이징","Mobile War LLC","com.mobilewaronline.wwr"
302,"더만남MMO","EGLS  Ltd.","com.egls.sanskr.gp"
303,"중년기사 김봉식 : 방치 RPG 키우기","mafgames","com.maf.moneyhero"
304,"던전메이커","GameCoaster","com.GameCoaster.DungeonMaker"
305,"더 워킹 데드: 무인 지대","Next Games","com.nextgames.android.twd"
306,"히트좀비 - 방치형 좀비슈터 게임","PopFox","com.popfox.zombie"
307,"헬로히어로 에픽배틀","Fincon","com.fincon.hh2"
308,"스누피 틀린그림찾기","SUNDAYTOZ, INC","com.sundaytoz.kakao.diffgame"
309,"Game of Thrones: Conquest™","Warner Bros. International Enterprises","com.wb.goog.got.conquest"
310,"일검","GAMELAND(HK)CO.,LIMITED","com.ulugames.ftj.google"
311,"군도모바일 - 나를 취하고 왕이 되어라","PangSky","com.pang.gundo.google"
312,"월드 오브 워쉽 블리츠","Wargaming Group","net.wargaming.wows.blitz"
313,"영웅 for Kakao","THUMBAGE","com.ftt.hero_gl_4kakao"
314,"Disney Heroes: Battle Mode","PerBlue Entertainment","com.perblue.disneyheroescjk"
315,"의지의 히어로","ZPLAY Games","com.zplay.willhero"
316,"여명 for kakao","Kakao Games Corp.","com.kakaogames.lmzgplay"
317,"음양사","Kakao Games Corp.","com.kakaogames.onmyouji"
318,"삼국지K :KINGMAKER","Chaplin Game","com.chaplin.leyou.google2"
319,"요리중독 - 빠르고 재미있는 레스토랑 셰프 게임","Big Fish Games","com.bigfishgames.cookingcrazegooglef2p"
320,"메달 히어로즈 : 소환사들의 귀환 (캐주얼 전략 RPG)","Enfeel Inc","com.enfeel.MMR"
321,"토킹톰 골드런","Outfit7 Limited","com.outfit7.talkingtomgoldrun"
322,"신전설","PixelArts","com.modojo.legend"
323,"아이러브커피 for Kakao","PATIGames Corp.","com.patistudio.milc4kakao"
324,"체인 스트라이크 (Chain Strike)","Com2uS","com.com2us.chains.normal.freefull.google.global.android.common"
325,"피싱마스터 : 시즌5","GAMEVIL","com.gamevil.fishing.global"
326,"버블위치사가3","King","com.king.bubblewitch3"
327,"캔디크러쉬젤리","King","com.king.candycrushjellysaga"
328,"골든나이츠 오리진: 월드보스","POLAR GAMES Inc.","com.polargames.gknorigin"
329,"DC 언체인드","FourThirtyThree Inc.","com.ftt.dcproject.as.gl"
330,"Au-allstar for KR","cwtkr","com.longyou.changwutuan.ko"
331,"왕의영광 - 당신의 강산","HONG KONG ICE CREAM NETWORK TECHNOLOGY CO.,LIMITED","com.kr.sg.apk"
332,"페이탈레이드 - No.1 모바일 FPS 총게임","Infraware Inc.","com.selvas.fr"
333,"WING 전장의날개","FUNCELL123","com.funcell.wf.korea.google"
334,"진삼국영웅전","Gamepub","com.gamepub.tks.g"
335,"사신고등학교","DAERISOFT","com.daerisoft.sasingo"
336,"풋볼 마스터 2018 Football Master","GALA Sports","com.galasports.football"
337,"두근두근 레스토랑 for Kakao","FLERO Games Co., LTD","com.lx.restoria"
338,"마스터 오브 이터니티","NEXON Company","com.nexon.moe"
339,"Eternium (이터니움)","Making Fun, Inc.","com.makingfun.mageandminions"
340,"Brutal Age: Horde Invasion","tap4fun","com.tap4fun.brutalage_test"
341,"손오공디펜스","Gamepub","com.gamepub.te.g"
342,"전자오락수호대 with NAVER WEBTOON","Super Planet","com.superplanet.videogameguardians"
343,"타이니팜","Com2uS","com.com2us.tinyfarm.normal3.freefull.google.global.android.common"
344,"카오스 블레이드","Eyougame Inc.","com.eyougame.chaosgg"
345,"마이 커피 숍 — 레스토랑 게임","Melsoft Games","com.melesta.coffeeshop"
346,"래빗인더문 (Rabbit in the moon - 최강의 토끼 달토 이야기)","DEVFLOOR","net.devfloor.rabbitbox"
347,"토람 온라인-Toram Online -","Asobimo, Inc.","com.asobimo.toramonline"
348,"워라밸M-프리미엄 전략 RPG","BraviGames","com.droidhang.dr2.bravigames.gp"
349,"궁수 키우기 (The Shadow Archer)","Digital Nomad(kr)","com.digiternomad.archer"
350,"건담 얼티밋컴뱃","DeNA HONG KONG LIMITED","com.denachina.g30000008"
351,"로드오브다이스 for kakao","Kakao Games Corp.","kr.ngelgames.lod"
352,"데스티니6","Netmarble","com.netmarble.destiny"
353,"블랙서바이벌","ARCHBEARS","com.archbears.bs"
354,"와일드 테이머 (Wild Tamer) : 동물VS동물 신개념 RPG!","111%","com.percent.wildtamer"
355,"대건물주 : 건물주 키우기","FreeDev.","com.Company.Z"
356,"Dawn of Titans - 에픽급 전략 게임","NaturalMotionGames Ltd","com.naturalmotion.dawnoftitans"
357,"오빠2","PangSky","com.pang.gijun.google"
358,"아이러브판타지 for kakao","NOKNOK CO., LTD.","com.noknok.heroesinnkakao"
359,"천명","Efun Company","com.efunkr.llzb.google"
360,"[SRPG]신무월:DIVINE","Gamepub","com.gamepub.sm.g"
361,"쿠키런 for Kakao","Devsisters Corporation","com.devsisters.CookieRunForKakao"
362,"Rise of the Kings","ONEMT Ltd","com.and.riseofthekings"
363,"붐비치","Supercell","com.supercell.boombeach"
364,"얼터너티브 걸즈2","SESISOFT Co., Ltd.","kr.co.alterna.google"
365,"윈드러너Z","Joymax Co., Ltd.","com.joymax.wind3"
366,"SuperStar SMTOWN","Dalcomsoft, Inc.","kr.co.dalcomsoft.superstar.a"
367,"다크타운 - 온라인 RPG","초콜릿소프트","com.chocolatsoft.soullike2"
368,"Art of Conquest","GaeaMobile","com.gaeamobile.kr.jyjy"
369,"MonsterCry Eternal - 카드 배틀 RPG","Nyou Inc.","com.nyouinc.monstercryeternal"
370,"디지몬링크즈","BANDAI NAMCO Entertainment Inc.","com.bandainamcoent.digimon_linkz_ww"
371,"야생의 땅: 듀랑고","NEXON Company","com.nexon.durango.wildlands"
372,"아이모 (The World of Magic)","Com2uS","com.com2us.imo.normal.freefull.google.global.android.common"
373,"에버배틀2","Gamecaff LTD","com.gamecaff.ebkr"
374,"테이스티 사가","X.D. Global","kr.xdg.and.szqy"
375,"애니팡","SUNDAYTOZ, INC","com.sundaytoz.mobile.anipang.google.service"
376,"노블레스 with NAVER WEBTOON","NEOWIZ","com.neowizgames.game.noblesse"
377,"갓 오브 하이스쿨 with NAVER WEBTOON","YD online","com.goh.daya.ydonline"
378,"성 키우기","RAON GAMES","com.raongames.growcastle"
379,"트라이브즈: 마을 건설 신화","Game Insight","com.gameinsight.tribez"
380,"WWE Champions 무료 퍼즐 RPG 게임","Scopely","com.scopely.whiplash"
381,"골프스타","Com2uS","com.com2us.golfstarworldtour.normal.freefull.google.global.android.common"
382,"클론 전쟁: IDLE RPG -미래 전투 판타지","Feelingtouch HK","com.feelingtouch.clonewar"
383,"삼국지디펜스 for Kakao","NEW.F.O Inc","com.dddgame.sd3"
384,"인베이젼","tap4fun","com.tap4fun.reignofwar"
385,"패밀리팜","DIANDIAN INTERACTIVE HOLDING","com.funplus.familyfarm"
386,"당구의 신 : 3구, 4구, 8볼","AndromedaGames","com.andromedagames.billiardsgod"
387,"Army Men Strike","FightClub","com.hts.ams"
388,"신의 탑-하늘의 정원 　AVABEL Online","Asobimo, Inc.","com.asobimo.avabel_gp_b3"
389,"NARUTO -나루토- 질풍전 나루티밋 블레이징","BANDAI NAMCO Entertainment Inc.","com.bandainamcoent.narutoblazingna"
390,"DEEMO","Rayark International Limited","com.rayark.pluto"
391,"소드 아트 온라인 인테그럴 팩터","BANDAI NAMCO Entertainment Inc.","com.bandainamcoent.saoifww"
392,"WWE SuperCard - 멀티플레이 카드 배틀 게임","2K, Inc.","com.catdaddy.cat22"
393,"에고소드: 마검 키우기","Betdon","com.betdon.egosword"
394,"아이러브삼국지 for Kakao","Entermate","com.uqee.lying.maingameHanguo"
395,"스타워즈: 갤럭시오브히어로즈","ELECTRONIC ARTS","com.ea.game.starwarscapital_row"
396,"Monument Valley 2","ustwo games","com.ustwo.monumentvalley2"
397,"사무라이 카즈야 : 방치형 탭 RPG","Dreamplay Games","com.dreamplay.samuraikazuya.google"
398,"쿵푸소녀","withHUG","com.monawa.kungfugirl"
399,"하이 포커, 바둑이, 섯다 (넷하이 게임)","NetHi Games","netHiGame.poker"
400,"라스트 블레스","FUNCELL123","com.funcell123.lb.korea.google"
401,"쿠킹 매드니스 - 셰프의 레스토랑 게임","Girl Games - Cooking Games","com.biglime.cookingmadness"
402,"섀도우 파이트 3","NEKKI","com.nekki.shadowfight3"
403,"광산타이쿤","Kolibri Games","com.fluffyfairygames.idleminertycoon"
404,"아이러브버거","DAERISOFT","com.daerisoft.burger"
405,"아이언 블레이드: 미디벌 레전드 RPG","Gameloft","com.gameloft.android.ANMP.GloftHFHM"
406,"히어로 헌터스","Hothead Games","com.hotheadgames.google.free.survivors"
407,"워 플래닛 온라인: 세계 정복","Gameloft","com.gameloft.android.ANMP.GloftW2HM"
408,"Taptap Heroes:방치형 RPG 게임","Ajoy Lab Games","com.westbund.heros.en"
409,"헤이데이","Supercell","com.supercell.hayday"
410,"Shadow of Death: 어둠의 기사 - 스틱맨 액션","Zonmob Game Studio","com.Zonmob.ShadowofDeath.FightingGames"
411,"Survival Arena","Game Insight","com.gameinsight.crtd"
412,"드래곤빌리지","highbrow","com.highbrow.game"
413,"나혼자한다! : 방치형 RPG","NOBLE GAMES","com.noblegames.origin.g"
414,"와일드어택 : 탱크제국","Sincetimes Inc.","kr.co.sincetimes.tankg"
415,"Need for Speed: No Limits 레이싱","ELECTRONIC ARTS","com.ea.game.nfs14_row"
416,"왕도: 32인의 여인","GAMELAND(HK)CO.,LIMITED","com.ulugames.sado.google"
417,"소년강호전 : 무협 RPG!","Rubicon32%","com.rubicon32.worldofstory.googlekr"
418,"우주전쟁 - 레트로 외계인 슈팅 게임 - 총게임","ONESOFT","com.game.space.shooter2"
419,"발전하는제국: 로마","Games Station","com.empire.grow.rome"
420,"Dream League Soccer 2019","First Touch Games Ltd.","com.firsttouchgames.dls3"
421,"피망 섯다 for kakao","NEOWIZ corp","com.neowiz.games.suddaKakao"
422,"인형뽑기 - 뽑기몬(실제뽑기)","슈퍼몬스터","com.supermon.ppopkimon"
423,"디펜스어벤저","Tripod Games","kr.tripod.gp.cw"
424,"용사마을 온라인 : 2D MMORPG","SoftCone","com.softcon.HeroesOnline"
425,"어비스리움 - 탭으로 키우는 수족관","Cheetah Games","com.idleif.abyssrium"
426,"Trade Island","Game Insight","com.gameinsight.tribez3gp"
427,"맛집 셰프","Nordcurrent","com.nordcurrent.canteenhd"
428,"촉산 for kakao","Linekong Korea Co. Ltd.","com.linekong.sszj.krgp"
429,"마성","37games","com.kr37.zmq.google"
430,"The Sims&nbsp;심즈&nbsp;모바일","ELECTRONIC ARTS","com.ea.gp.simsmobile"
431,"팔콘 스쿼드 - 은하계 보호자","ONESOFT","invaders.os.galaxy.space.shooter.attack.classic"
432,"삼국지맹장전 : 오호대장군","Efun Company","com.qtz.game.kor.zlsg.kr"
433,"캐슬가디언스 - 온라인 전략 게임","Fun Games For Free","com.tfgco.games.strategy.free.castlecrush"
434,"뮤오리진2(12)","Webzen Inc.","com.webzen.muorigin2.google12"
435,"로드오브던전 Global","Two Hands Games","com.twohands.lod"
436,"블루스톤 2 - 애니 RPG &amp; 클리커 게임","VisualShower Corp.","com.vshower.prd_sr"
437,"Guild of Heroes","BIT.GAMES","com.goplaytoday.guildofheroes"
438,"CSR 레이싱 2","NaturalMotionGames Ltd","com.naturalmotion.customstreetracer2"
439,"Operate Now: 병원","Spil Games","com.spilgames.OperateNow2"
440,"판타지워택틱스R","VALOFE","com.nexon.fwar"
441,"무한M : EP 1. 마지막 무사","Smilemeka","com.smile.jmsym.google"
442,"레프트 투 서바이브: PvP 좀비 슈터","My.com B.V.","com.glu.zbs"
443,"풀팟 홀덤 포커 : 텍사스 홀덤, 오마하, 토너먼트","ME2ON Co., Ltd.","com.me2on.fulpotgenius"
444,"대항해시대5","GandromedA","com.gandromeda.d5m"
445,"검그리고사랑 : 720도 자유비행","8888PLAY","com.baplay.yjkr"
446,"슬롯 소셜카지노2 - 라스베가스 Slots Social","Playport Korea","net.imcjapan.android.casinok"
447,"공성삼국:새천하를열다RED","ED GAMES CORP.","com.edgames.new19gp"
448,"미스터리 아일랜드: 모험의 시작","Plarium Global Ltd","com.plarium.blast"
449,"삼국지PK for Kakao","이펀컴퍼니 리미티드","air.cn.kx.ytkk.efun.google"
450,"남자가 왕이다","Game Age","com.kr.gjyp.google"
451,"라인 레인저스","LINE Corporation","com.linecorp.LGRGS"
452,"블레스앤매직","Redzaam","com.redzaam.vk999"
453,"노을빛 세계에서 너와 노래를...","SESISOFT Co., Ltd.","com.akasekakr.app"
454,"철권 - TEKKEN™ -","BANDAI NAMCO Entertainment Europe","eu.bandainamcoent.tekkenmobile"
455,"EA SPORTS™ UFC®","ELECTRONIC ARTS","com.ea.game.easportsufc_row"
456,"Castle Clash: 용맹한 부대","IGG.COM","com.igg.castleclash_kr"
457,"아스팔트 8: 에어본","Gameloft","com.gameloft.android.ANMP.GloftA8HM"
458,"매드로켓: 포그 오브 워","FourThirtyThree Inc.","com.ftt.madrocket.aos"
459,"판다팝","Jam City, Inc.","com.sgn.pandapop.gp"
460,"돌 키우기 온라인 : 방치형 2D MMORPG, RPG","SUPERCAT","net.supercat.stone"
461,"문명전쟁 - 문명을 지배하는 자","Clegames Inc.","com.cle.roc"
462,"심즈 프리플레이","ELECTRONIC ARTS","com.ea.games.simsfreeplay_row"
463,"넷마블 대박맞고 : 대한민국 무료 고스톱","Four Ones INC.","com.netmarble.mmatgo"
464,"좋은 피자, 위대한 피자","TapBlaze","com.tapblaze.pizzabusiness"
465,"60 Seconds! Atomic Adventure","Robot Gentleman","com.robotgentleman.game60seconds"
466,"홈 디자인 꾸미기","Storm8 Studios","in.loop.hdmakeover"
467,"세인트 세이야　코스모 판타지","BANDAI NAMCO Entertainment Inc.","com.bandainamcoent.seiyazbkr"
468,"피망 뉴맞고 with BAND : 대한민국 1등 고스톱","NEOWIZ corp","com.neowiz.games.newmatgoB"
469,"좀비 서바이벌 슈팅 게임 : DEAD WARFARE - ZOMBIE","VNG GAME STUDIOS","com.vng.android.mps.dead.zombie2"
470,"배틀 아레나: RPG, 히어로즈 어드벤처","RED BRIX WALL","com.rbx.battle.android"
471,"Zgirls","Star Ring Game Limited","com.xingjoys.zgirls.gp"
472,"히트: 리부트(REBOOT)","NEXON Company","com.nexon.hit"
473,"얼음땡 온라인 : 실시간 배틀","EOAG","com.EOAG.IceOnline"
474,"아덴:신계","ITSGAMES","com.itsgames.aden"
475,"드래곤빌리지2","highbrow","com.highbrow.games.dragonvillage"
476,"호크 - 친숙한 총알지옥 전투기 게임","My.com B.V.","com.my.hawk.air.shooter"
477,"슈퍼펭귄 (Super Penguins)","Supersolid","com.supersolid.penguin"
478,"Merge Plane - Click &amp; Idle Tycoon","Merger Games","com.brokenreality.planemerger.android"
479,"마이 리틀 판타지: 힐링RPG","DAERISOFT","com.daerisoft.tapknight"
480,"톤톤용병단 : 디에고의 분노","DrukHigh","com.drukhigh.ttmhigh"
481,"난세천하M-대규모 전략RPG","UU GAMES","com.uu100.and.sg"
482,"드래곤 매니아 레전드","Gameloft","com.gameloft.android.ANMP.GloftDOHM"
483,"뉴 한판 맞고 (데이터 필요없는 무료 고스톱)","AndromedaGames","org.HanpanGo"
484,"스나이퍼 퓨리: 최고의 슈팅게임 - FPS","Gameloft","com.gameloft.android.ANMP.GloftFWHM"
485,"레이드 매니저","Next Phase","com.NextPhase.RaidManager"
486,"스매싱 포","Geewa","com.geewa.smashingfour"
487,"고양이 다방 시즌2- 냥덕 필수 고양이 키우기 게임","ESTgames Corp.","com.estgames.mm.sng.tuna"
488,"가디언（19）","U.LU Games","com.ulugame.guardian19.google"
489,"붐버스타 for kakao","체이스온라인컴퍼니리미티드","com.coc.kr.bomb.google"
490,"렐릭: 신의 노래","FUNCELL123","com.funcell123.relic.kr.google"
491,"Jellipop Match: Formerly Jelly Blast Match 3 Game","Microfun Limited","com.jellyblast.cmcm"
492,"신비아파트 고스트헌터","주식회사 3F FACTORY","com.dev3factory.shinbiApart"
493,"환란 삼국지","Dreamplay Games","com.dreamplay.chaostk.google"
494,"뉴보스 카지노 포커 (바둑이 홀덤 바카라 블랙잭 슬롯)","Team NeverLose LTD","com.neverlose.bosscasino"
495,"어메이징 스파이더맨 2","Gameloft","com.gameloft.android.ANMP.GloftASHM"
496,"파랜드 어드벤처","Smilemeka","com.smile.advtwd.google"
497,"CATS: Crash Arena Turbo Stars","ZeptoLab","com.zeptolab.cats.google"
498,"쿠키잼","Jam City, Inc.","air.com.sgn.cookiejam.gp"
499,"탄: 전장의 진화 – 모바일 FPS","Smilegate Megaport","com.stove.cfm.google"
500,"주사위의 잔영 for kakao","LINE Games","com.NextFloor.rog"
501,"Bouncemasters!","Playgendary","com.playgendary.sportmasters"
502,"포코포코 for kakao","Treenod Inc.","com.nhnent.SKPOKOPOKO"
503,"환생 삼국지 - 방치형 RPG","FANTAGATE","com.nolgames.projectb2"
504,"걸스 레볼루션—봉인 해제","XIAO long","com.kr.moemoegirls"
505,"NBA 2K19","2K, Inc.","com.t2ksports.nba2k19and"
506,"위닝일레븐 컬렉션","KONAMI","jp.konami.wecc"
507,"제이팜(J-Farm)","New Emotion Inc.","com.newemotion.jfarm.kr"
508,"Titan Throne","Camel Games, Inc","com.camelgames.throne"
509,"Realm Defense: 타워 디펜스 전쟁 영웅 전략 시뮬레이션 게임을 플레이하세요","Babeltime US","com.babeltimeus.legendstd"
510,"불멸의 군주","BBGame.mobi","com.bbgamekr.fytx.google"
511,"Age of Warring Empire","Elex","com.stac.empire.main"
512,"탄탄 사천성 for Kakao","Neptune Company","com.neptune.tantan"
513,"원더택틱스","Com2uS","com.com2us.wondertactics.normal.freefull.google.global.android.common"
514,"게임 오브 워 (Game of War)","Machine Zone, Inc.","com.machinezone.gow.kr"
515,"벽부수기2","DAERISOFT","com.daerisoft.crashwall"
516,"진삼국지라이브","rong yingyu","com.efun.krqq.google3"
517,"삼국지PK","Efun Company","air.cn.kx.yttx.efun"
518,"METAL SLUG ATTACK","SNK CORPORATION","com.snkplaymore.android014"
519,"진짜야구 슬러거 for kakao: 2018 프로야구","NEOWIZ","com.neowizgames.baseballslugger"
520,"주사위의신","JOYCITY Corp.","com.joycity.god"
521,"로열블러드 (글로벌)","GAMEVIL","com.gamevil.royalbloodgl.android.google.global.normal"
522,"발리언트 포스 - Valiant Force","DIANDIAN INTERACTIVE HOLDING","com.diandian.valiantforce"
523,"Epic Summoners: 서사시 영웅 전사 전투 - 액션 RPG","Feelingtouch HK","com.feelingtouch.idl"
524,"천하를 탐하다 for Kakao","Entermate","com.entermate.stzbkakao"
525,"Soul Knight","ChillyRoom","com.ChillyRoom.DungeonShooter"
526,"마이프렌즈: Dogs(독스)","Gamepub","com.gamepub.ne.g"
527,"노블 마법사 키우기","DAERISOFT","com.daftbrothers.NOBLE"
528,"딜딜딜 방치형 RPG - 로켓성장모드","Triple-Double","kr.co.everyfun.ddd"
529,"마이토킹톰 2","Outfit7 Limited","com.outfit7.mytalkingtom2"
530,"초월 for Kakao","SnailDigitalKorea","com.snailgamekr.jy3d"
531,"네코대모험","IGNITION M","com.ignm.bokuneko.kr"
532,"연인 M","Smilemeka","com.smile.yunyin.google"
533,"하이 바둑이","NetHi Games","netHiGame.badugi"
534,"고딕은 마법소녀 - 비행 슈팅 RPG","KM-BOX","kr.co.kmbox.mahouotome"
535,"팜히어로사가","King","com.king.farmheroessaga"
536,"드루와 던전  : 방치형 RPG","Quest Games Co., Ltd.","kr.co.questgames.druwadungeon"
537,"삼국지Z","Digital Sky Entertainment Ltd.","com.digitalsky.rotk.kr"
538,"Cytus II (사이터스Ⅱ)","Rayark International Limited","com.rayark.cytus2"
539,"트랜스포머: 어스워즈","Backflip Studios, LLC","com.backflipstudios.transformersearthwars"
540,"전함제국 for kakao","Gamepub","com.gamepub.ew.kg"
541,"킹덤배틀 - 2D 액션 방치형 RPG","omona games","com.kingdombattle.omona"
542,"Fastlane: 복수의 거리","Space Ape Games","com.spaceapegames.fastlane"
543,"Don't Starve: Pocket Edition","Klei Entertainment Inc.","com.kleientertainment.doNotStarvePocket"
544,"DISSIDIA FINAL FANTASY OPERA OMNIA","SQUARE ENIX Co.,Ltd.","com.square_enix.android_googleplay.DFFOperaOmnian"
545,"더 스컬 : 방치형 RPG","Peoplug Inc.","com.peoplug.theskull"
546,"오 나의무협님 : 동양 판타지를 경험하라","PangSky","com.pang.csjm.google"
547,"월간아이돌 : 아이돌키우기","608Factory","com.factory608.MI"
548,"탈주닌자 키우기 - 탭탭탭 방치형 RPG","JUSTICESOFT","com.justicesoft.ninja"
549,"월드 오브 프란디스 (오토 없는 진짜 MMORPG)","Oryugengames","com.Oryugen.WorldOfPrandisBeta"
550,"XCOM®: Enemy Within","2K, Inc.","com.tt2kgames.xcomew"
551,"세계괴수전쟁","Clegames Inc.","com.cle.m215.worldbeastwar"
552,"Solitaire TriPeaks","GSN Games, Inc.","com.gsn.android.tripeaks"
553,"탄도왕","(주)채플린게임","com.chaplin.ddtang.google"
554,"캔디팡 : 쥬시월드","Joymax Co., Ltd.","com.joymax.candypang2"
555,"언킬드 - 좀비 멀티플레이어 FPS","MADFINGER Games","com.madfingergames.unkilled"
556,"진시황:전쟁의 서막","GAMELAND(HK)CO.,LIMITED","com.ulugames.daqins.google"
557,"梦幻西游","NetEase Games","com.netease.my.google_play"
558,"바이킹스 : 전쟁의 서막","Plarium  LLC","com.plarium.vikings"
559,"몬스터워로드","GAMEVIL","com.gamevil.monster.global"
560,"카오스마스터즈","Smilegate Megaport","com.stove.chaosmasters.google"
561,"활2 for kakao : Survival PvP","FourThirtyThree Inc.","com.ftt.hwal2.gl.global"
562,"Just Dance Now","Ubisoft Entertainment","com.ubisoft.dance.JustDance"
563,"밀크초코 - 온라인 FPS","GameParadiso","com.gameparadiso.milkchoco"
564,"원더5마스터즈R","Jellyoasis Inc.","com.jellyoasis.w5mr_cmn"
565,"슈퍼진화스토리","PWRD","com.pwrd.cjhwy"
566,"대용병시대 - 뿔레전쟁 시즌2","21g.","com.BbulleGames.BbulleWarClicker"
567,"타운스테일 with 에비츄","Infraware Inc.","com.selvas.townkins"
568,"에보니 - 왕의 귀환","TOP GAMES INC.","com.topgamesinc.evony"
569,"Cradle of Empires Match-3 Game","Awem Games Limited","com.awem.cradleofempires.andr"
570,"픽셀우주선  하이퍼스페이스 Pixels Starships™: Hyperspace","Savy Soda","com.savysoda.pixelstarships"
571,"용사여관","NOKNOK CO., LTD.","com.noknok.heroesinnKR"
572,"레전드 오브 솔가드","King","com.king.solgard"
573,"거지키우기2 한푼마을","manababa","com.manababa.BeggarKing2"
574,"히어로스 차지 (히차・Heroes Charge)","uCool","com.ucool.hero"
575,"포켓나이츠2","Best Tech System","com.mngo.herosdkr"
576,"삼국지디펜스 with BAND","NEW.F.O Inc","com.dddgame.sd3Band"
577,"Cookie Cats Pop","Tactile Games","dk.tactile.cookiecatspop"
578,"피구왕통키 : 불꽃슛의 전설","snowpipe.Co.Ltd","net.snowpipe.tkflamelegend"
579,"백발백중 for kakao","Netmarble","com.netmarble.wefire"
580,"시드 이야기","Singta Inc.","co.singta.ss"
581,"리니지 레드나이츠","NCSOFT Corporation","com.ncsoft.redknights"
582,"아이러브버거 for Kakao","sonew","kr.co.sonew.ilh.kakao"
583,"리얼 포커 - 세븐 포커, 로우바둑이, 하이로우","Red-Cat","com.redcat.pk"
584,"아즈다란 : 로드 오브 워","NOONBORA Corp","com.noonbora.asdaran"
585,"미사일 RPG","Dude Soft","com.dd.mk"
586,"히어로즈 랜덤 디펜스","허니잼 게임즈","com.HoneyJam.HRDefence"
587,"Monument Valley","ustwo games","com.ustwo.monumentvalley"
588,"가디언 소울-실시간 전략+액션 RPG","mobirix","com.mobirix.gs2016"
589,"Celtic Heroes 3D MMORPG","One Thumb Mobile Ltd","com.onethumbmobile.celticheroes"
590,"Megapolis","Social Quantum Ltd","com.socialquantum.acityint"
591,"Total Battle","Scorewarrior","com.totalbattle"
592,"Stickman Legends: Shadow War (섀도우 워 오프라인 전투 게임)","ZITGA PTE. LTD.","com.zitga.ninja.stickman.legends.shadow.wars"
593,"삼국로맨스 전장의 소녀RPG","TOJOY GAME","kr.jxdq.and.sglms"
594,"클래시 오브 퀸즈 : 라이트 올 다크니스","Elex Wireless","com.elex.coq.gp"
595,"한게임 바둑 : 방문자수 No.1 무료 바둑 앱","NHN Entertainment Corp.","com.nhnent.HanBaduk"
596,"매직 쥬얼","Jam City, Inc.","com.sgn.geniesandgems.gp"
597,"Age of Z","Camel Games, Inc","com.camelgames.aoz"
598,"Battle Bay","Rovio Entertainment Corporation","com.rovio.battlebay"
599,"Homicide Squad: 숨겨진 범죄","G5 Entertainment","com.g5e.homicidesquadpg.android"
600,"킹덤M","NOBLE GAMES","com.noblegames.kun.g"
